"last_name, first_name","player_id","year","ab","pa","home_run","strikeout","k_percent","bb_percent","batting_avg","slg_percent","on_base_percent","on_base_plus_slg","xba","xslg","woba","xwoba","avg_swing_speed","exit_velocity_avg","launch_angle_avg","sweet_spot_percent","barrel_batted_rate","hard_hit_percent","avg_best_speed","avg_hyper_speed","whiff_percent","swing_percent","batted_ball","f_strike_percent","groundballs_percent","linedrives_percent"
"Martinez, J.D.","502110","2024","415","472","16","137",29,9.7,".239",".414",".321","0.735",".259",".488",".322",".355",72.9,"91","14.9",40,15.4,45.7,"101.4338445","95.179287563",31.7,48.7,"280",64.2,38.6,23.2
"Hoskins, Rhys","656555","2024","421","483","24","135",28,10.1,".209",".406",".297","0.703",".204",".399",".306",".304",71.2,"88.5","21",28.4,12.3,42.3,"99.71247274","94.04470433",26.6,42.9,"292",62.4,33.6,18.8
"Gelof, Zack","680869","2024","464","510","17","172",33.7,7.1,".216",".375",".276","0.651",".203",".361",".284",".277",71.7,"89","14.2",33.9,9.1,36.9,"98.761094658","93.483732158",36.5,51.2,"298",65.1,44,22.1
"O'Hoppe, Logan","681351","2024","449","488","19","146",29.9,5.9,".236",".399",".294","0.693",".254",".465",".302",".333",70.7,"90.4","14.8",41.6,11.8,46.2,"101.242561382","95.070309605",33,52.1,"305",63.7,39.7,25.6
"Cowser, Colton","681297","2024","460","519","20","158",30.4,9.4,".243",".437",".324","0.761",".234",".436",".329",".327",73.7,"90.1","12.6",32.5,13.1,45.6,"101.598464248","95.213490754",30.4,44.6,"305",57.8,43.6,23.6
"Riley, Austin","663586","2024","425","469","19","118",25.2,7.9,".256",".461",".322","0.783",".272",".517",".338",".366",75.2,"93.3","15.9",37.2,14.9,53.4,"103.77151961","96.882758664",27.5,50.1,"309",62.9,36.2,26.9
"Ramos, Heliot","671218","2024","436","476","21","128",26.9,7.1,".266",".468",".319","0.787",".251",".493",".336",".340",75.2,"91.2","10.4",34.3,15.1,47.3,"102.743154968","95.899608548",29.2,50.5,"312",60.5,43.6,23.4
"Ortiz, Joey","687401","2024","404","472","10","92",19.5,11.7,".240",".399",".336","0.735",".235",".348",".323",".310",73.4,"88","10.8",27,4.7,39.2,"99.539323205","93.854241474",17.1,39.7,"319",58.9,47.6,21.3
"Winker, Jesse","608385","2024","420","495","14","105",21.2,12.3,".260",".414",".363","0.777",".250",".394",".342",".332",69.6,"88.9","13.3",30.6,7.8,38.1,"99.066376266","93.696764571",19.9,43.1,"320",61.9,46.6,23.1
"Stephenson, Tyler","663886","2024","424","477","18","105",22,9.2,".262",".450",".340","0.790",".244",".405",".342",".321",70.8,"90.2","10.6",32.1,9,43,"100.17061","94.480797688",22.3,43,"321",62.5,48.6,20.9
"Varsho, Daulton","662139","2024","459","513","18","137",26.7,9.4,".214",".407",".293","0.700",".189",".325",".304",".265",73.7,"86.1","24.4",30.2,6.2,34,"98.537583503","93.276618121",27,47.6,"324",62.3,33,18.2
"Arraez, Luis","650333","2024","606","641","4","28",4.4,3.7,".320",".393",".354","0.747",".317",".412",".327",".332",63.1,"86.5","13.4",41.1,1.7,24.1,"94.920287163","91.493379464",7,49.7,"581",61.1,42.5,28.2
"Kim, Ha-Seong","673490","2024","403","470","11","77",16.4,12.3,".233",".370",".330","0.700",".249",".360",".308",".316",69.1,"87.9","15.1",36.6,4.8,35.4,"98.621780994","93.412597329",15.9,38,"333",61.3,41.1,24
"Cruz, Oneil","665833","2024","509","559","19","173",30.9,7.7,".267",".458",".326","0.784",".268",".472",".334",".340",78.5,"95.5","9.8",32.9,15.9,55.3,"107.281744793","98.610743047",34.4,46.6,"340",64,47.6,26.2
"France, Ty","664034","2024","446","499","12","105",21,7.2,".244",".379",".317","0.696",".234",".399",".307",".310",70.9,"88.5","12.6",31.3,7.5,39.7,"99.653845434","93.998635855",23.5,50.6,"345",62.5,45.2,22
"Turner, Justin","457759","2024","428","499","10","87",17.4,10.8,".255",".376",".351","0.727",".253",".381",".323",".327",65.1,"86.9","18.1",38.7,4,32.1,"96.570469364","92.35546578",16.9,45.3,"346",57.6,32.7,29.2
"Rooker Jr., Brent","667670","2024","507","570","38","162",28.4,9.5,".302",".584",".372","0.956",".279",".598",".403",".396",73.9,"92.3","18.6",39,17.5,51,"103.626663966","96.480201925",34,50,"349",62.6,33,23.8
"Taveras, Leody","665750","2024","446","491","11","102",20.8,7.7,".229",".354",".287","0.641",".247",".384",".281",".302",71.2,"89.2","13.9",31.6,5.7,36.5,"99.43105848","93.801563636",25.7,48.7,"351",63.1,41.9,23.4
"Mountcastle, Ryan","663624","2024","452","485","13","106",21.9,5.6,".265",".425",".305","0.730",".276",".460",".314",".337",75.2,"90.7","11",36.2,8.8,44.7,"102.01136","95.309849286",24.3,56.1,"351",63.3,43.6,27.4
"Smith, Will","669257","2024","448","510","18","102",20,9.2,".246",".429",".324","0.753",".239",".442",".322",".328",67.9,"89.5","19.2",38,11,42.2,"99.373494318","93.998214801",20.9,46.4,"353",60.7,32.3,21.8
"Burger, Jake","669394","2024","488","530","26","138",26,5.5,".244",".447",".296","0.743",".256",".478",".319",".336",74.8,"91.4","12",31.4,12.4,46.9,"103.816392542","96.24075796",29.9,51.9,"354",65.7,44.9,21.2
"Schwarber, Kyle","656941","2024","529","642","35","183",28.5,15.6,".251",".488",".371","0.859",".254",".508",".369",".377",77.5,"93.7","14.6",31.6,15,55.6,"105.281760734","97.58948226",32.3,39.4,"354",55.8,41.5,22.9
"Young, Jacob","696285","2024","441","491","3","95",19.3,5.7,".256",".333",".317","0.650",".260",".328",".290",".291",68.2,"85.4","4.2",28.4,1.7,27.8,"96.496003","92.288903375",18.7,44.7,"356",65,55.9,23.3
"Morel, Christopher","666624","2024","505","578","21","151",26.1,10.2,".198",".356",".292","0.648",".230",".417",".286",".324",76.2,"89.4","14.8",27.7,10.9,40.5,"101.343995978","94.858127171",34.2,46.4,"358",63.5,44.7,17.3
"McNeil, Jeff","643446","2024","424","472","12","68",14.4,7.4,".238",".384",".308","0.692",".237",".340",".303",".289",68.9,"87","14.9",32.2,3.1,31.1,"96.866365393","92.484410197",17.4,55.4,"360",60.7,39.7,24.2
"Arozarena, Randy","668227","2024","513","603","20","156",25.9,10.8,".220",".396",".330","0.726",".223",".392",".322",".326",72.6,"90.2","13.7",29.1,8.3,42.4,"100.768803389","94.633553444",29.7,41.3,"361",61.5,43.8,19.4
"Rodgers, Brendan","663898","2024","485","519","13","126",24.3,5.2,".270",".410",".313","0.723",".251",".386",".314",".297",71.7,"89.4","5.2",33.1,5.5,43.9,"101.087119833","94.733799554",25.6,50,"362",67.4,56.4,23.5
"Swanson, Dansby","621020","2024","499","555","15","140",25.2,9.2,".234",".379",".306","0.685",".245",".417",".300",".320",71.7,"89.1","10",32.9,8.8,41.7,"100.049383923","94.299413177",29.3,48.6,"362",61.6,50,21.8
"Smith, Josh","669701","2024","480","547","12","110",20.1,8.2,".260",".396",".343","0.739",".241",".349",".326",".303",70.2,"87.6","14.9",33.3,3.2,36.3,"98.106418","93.155273442",21.7,46.8,"375",63.9,40.3,25.1
"Rodríguez, Julio","677594","2024","515","560","16","142",25.4,6.6,".268",".392",".323","0.715",".277",".463",".314",".344",76.2,"91","10.8",34.4,9.9,45.9,"103.191373457","95.999950987",30.3,53.4,"375",61.6,43.5,24
"Hernández, Teoscar","606192","2024","550","607","29","175",28.8,8.1,".269",".491",".335","0.826",".250",".484",".354",".342",73.1,"90.7","9.9",33.2,14.6,46.5,"102.612104468","95.645131573",33.9,51.1,"376",65.1,47.1,22.1
"Happ, Ian","664023","2024","534","616","25","160",26,12.2,".249",".461",".346","0.807",".249",".467",".350",".352",72.3,"91","15.3",37.5,12.2,46,"101.71465734","95.40933792",27.8,45.7,"376",60.5,39.1,23.1
"De La Cruz, Elly","682829","2024","575","652","24","202",31,10.4,".257",".470",".342","0.812",".240",".438",".350",".332",75.1,"91.9","10.2",35.1,12.8,45.5,"103.08946587","95.942467446",33.1,42.5,"376",61.7,46.8,24.5
"Suárez, Eugenio","553993","2024","526","593","28","158",26.6,7.9,".255",".475",".320","0.795",".249",".456",".340",".333",72.2,"89.1","19.4",40.1,11.3,42,"100.467660212","94.390998439",29,47.2,"379",64.2,32.5,26.6
"Seager, Corey","608369","2024","475","533","30","96",18,9.9,".278",".512",".353","0.865",".292",".574",".364",".394",72.3,"92.1","13.5",38.6,15.2,50.7,"103.274395474","96.157523456",23.4,53,"381",62.2,40.9,24.7
"Nimmo, Brandon","607043","2024","525","616","19","145",23.5,12.3,".227",".392",".336","0.728",".245",".411",".323",".338",73.3,"91.6","11.2",34.7,8.6,46.5,"101.244575497","95.113551387",23.1,44,"383",58,42.6,25.6
"García, Adolis","666969","2024","541","597","22","162",27.1,7.4,".218",".386",".281","0.667",".227",".419",".289",".307",72.1,"90.9","15.4",33.5,12.2,47.4,"101.712859635","95.352806475",34.2,52,"385",64.9,39,21.3
"García, Luis","671277","2024","468","496","16","81",16.3,5.4,".280",".440",".319","0.759",".283",".460",".327",".335",71.6,"89","8.6",33.5,7.7,41.5,"100.169351937","94.256342677",21.4,51.5,"388",65.1,47.4,25
"Doyle, Brenton","686668","2024","526","586","22","149",25.4,7.7,".264",".451",".321","0.772",".262",".453",".331",".336",71,"89.3","13.2",37.5,10.5,41.9,"101.062281675","94.733634529",29.9,51.3,"389",64.1,40.6,25.7
"Keith, Colt","690993","2024","493","531","13","104",19.6,6.6,".264",".385",".315","0.700",".273",".407",".306",".318",71.2,"87.6","10.5",34.9,5.6,35.1,"98.461740154","93.310904872",22.8,48.3,"390",61.1,44.9,26.4
"Santana, Carlos","467793","2024","482","547","22","93",17,10.4,".243",".432",".329","0.761",".245",".417",".330",".325",71.7,"89","16.1",30.4,7.2,39.1,"99.410994769","93.92782159",23.3,43.4,"391",57,38.4,22.5
"Gurriel Jr., Lourdes","666971","2024","486","522","17","98",18.8,5.2,".274",".428",".316","0.744",".269",".428",".321",".320",70.5,"88.5","15.9",33.7,6.9,40.6,"99.680956224","93.99661898",20.1,50.9,"392",64.1,38,25.8
"Harper, Bryce","547180","2024","515","590","29","124",21,11.9,".289",".536",".375","0.911",".275",".496",".385",".365",74,"91.3","13.7",35.5,10.4,48.2,"102.534531582","95.658543146",26.3,52.6,"394",62.4,38.6,26.4
"Ward, Taylor","621493","2024","540","612","24","153",25,9.5,".248",".437",".324","0.761",".255",".477",".329",".353",69.7,"91.1","17",41.8,13.7,43.7,"100.147418426","94.579693655",25.5,43.2,"395",61.9,32.9,27.3
"Goldschmidt, Paul","502671","2024","561","612","21","162",26.5,7.4,".244",".410",".303","0.713",".256",".459",".309",".332",72.5,"91.6","13.6",33.8,10.5,50.3,"101.854707588","95.716966675",27.8,47.5,"399",63.2,43.4,23.6
"Bellinger, Cody","641355","2024","482","533","18","84",15.8,8.3,".270",".438",".332","0.770",".247",".405",".329",".309",69.1,"87.7","16.9",33.8,6.7,32.6,"97.358066169","92.795878483",22.2,49.6,"402",59,37.6,21.4
"Arcia, Orlando","606115","2024","514","563","16","117",20.8,6.9,".220",".358",".274","0.632",".214",".340",".275",".269",71,"88.4","8.7",31.1,5.4,38,"98.485403881","93.33472414",26.8,48.8,"405",63.4,49.1,21
"Olson, Matt","621566","2024","561","638","26","160",25.1,10,".239",".447",".323","0.770",".249",".455",".331",".341",73.8,"91.4","15.8",36,12.3,46.8,"102.72316802","95.879478784",26.4,50,"406",60.7,36,26.6
"Springer III, George","543807","2024","516","583","19","110",18.9,9.9,".223",".380",".308","0.688",".252",".422",".303",".331",71.9,"87.8","9.3",29.7,9.6,38.2,"100.146794335","94.199710963",25.4,49.1,"408",65.2,49.5,23
"Ozuna, Marcell","542303","2024","564","641","37","158",24.6,10.8,".303",".550",".380","0.930",".290",".589",".396",".407",74,"92.2","14.6",40.2,15.9,53.5,"103.444127255","96.545111299",31.2,46.9,"410",57.3,38.3,26.6
"Alonso, Pete","624413","2024","570","649","33","159",24.5,9.9,".246",".474",".331","0.805",".248",".477",".345",".347",75.2,"89.7","14.5",31.3,13.3,46,"102.70206314","95.616492705",24.1,43,"415",57.6,41.4,21.4
"Paredes, Isaac","670623","2024","512","607","19","99",16.3,12,".238",".400",".349","0.749",".223",".350",".331",".310",68.2,"85","22.6",35.9,4.8,27.5,"96.068269761","92.037088421",17.2,44.7,"418",63,30.9,24.6
"Steer, Spencer","668715","2024","542","621","20","125",20.1,11.1,".232",".419",".327","0.746",".241",".392",".326",".321",71.7,"87.9","17.2",34.4,6.4,39.9,"99.219107081","93.728836067",22.8,44.1,"419",60.2,37.9,23.2
"Freeman, Freddie","518692","2024","510","604","22","98",16.2,12.6,".280",".480",".379","0.859",".281",".483",".367",".373",69.7,"89.5","14.2",42.9,9.5,42.1,"100.513527667","94.615270548",20.3,49.2,"420",60.4,39.3,27.1
"Bleday, JJ","668709","2024","540","607","20","119",19.6,10.5,".246",".452",".328","0.780",".248",".413",".337",".325",71.8,"88.6","18.4",37.9,8.5,36.3,"99.048127048","93.568577238",26.3,45.3,"422",61.8,34.6,26.1
"Kwan, Steven","680757","2024","475","532","13","50",9.4,9.6,".291",".419",".364","0.783",".285",".388",".345",".332",64.5,"86.2","15.1",38.4,2.3,23.4,"94.972909187","91.494929472",8.1,39.3,"427",59,37.2,27.9
"Perez, Salvador","521692","2024","553","614","27","124",20.2,7,".275",".470",".336","0.806",".278",".542",".342",".368",73.2,"91","19.1",40.2,12.9,44.8,"101.890969537","95.359584236",27.8,57.8,"435",66,33.3,24.4
"Soto, Juan","665742","2024","543","671","40","110",16.4,18,".287",".576",".417","0.993",".320",".666",".422",".466",75.5,"94.1","10.5",35.2,20.1,56.7,"105.557636574","97.933218794",21.9,37.2,"437",54,45.1,22.2
"Pasquantino, Vinnie","686469","2024","496","554","19","71",12.8,7.2,".262",".446",".315","0.761",".266",".443",".324",".331",71.7,"91","14.6",31.9,7.1,46.5,"100.997993151","94.970921142",14.5,47.8,"439",59.9,40.3,23.5
"Santander, Anthony","623993","2024","557","621","41","123",19.8,8.4,".239",".510",".309","0.819",".235",".465",".347",".332",73.2,"89.9","23",36.2,12.1,42.6,"100.454206119","94.442886073",19.7,49.9,"439",62,29.6,22.1
"Contreras, William","661388","2024","566","644","22","129",20,11.2,".281",".470",".363","0.833",".274",".491",".359",".364",74.7,"92.8","6.4",29.1,10.2,50,"104.023379227","96.726035477",27,47.5,"440",61.2,53.6,21.4
"Carroll, Corbin","682998","2024","550","635","19","118",18.6,10.2,".233",".425",".321","0.746",".249",".399",".324",".327",73.6,"89.1","11.5",28.1,6.6,39.6,"100.794549954","94.58319828",20.2,41.4,"442",56.5,45,21.7
"Rutschman, Adley","668939","2024","531","596","19","96",16.1,9.4,".252",".397",".322","0.719",".260",".406",".313",".322",69.1,"88.1","18.9",36,6.3,36.2,"98.064321674","93.114542262",17.4,44,"442",58.8,34.8,25.6
"Henderson, Gunnar","683002","2024","590","674","37","148",22,11,".280",".539",".365","0.904",".290",".513",".385",".382",76.3,"92.8","9",34.4,11.7,53.5,"103.953314189","96.798328131",23.9,44.2,"445",55.6,47.4,24.3
"Profar, Jurickson","595777","2024","531","630","23","94",14.9,11.7,".284",".465",".387","0.852",".284",".449",".370",".367",71.8,"91.1","13.1",31.7,7.2,44.7,"100.98904","94.899394027",16.8,45.2,"445",59.6,43.1,24
"Machado, Manny","592518","2024","558","605","27","113",18.7,6.9,".278",".475",".327","0.802",".278",".469",".341",".341",75.2,"92.5","12.4",34.1,10.9,48.8,"103.364531076","96.14941426",23.7,51.4,"449",63.3,43.7,27.2
"Díaz, Yandy","650490","2024","541","594","14","91",15.3,7.7,".283",".418",".340","0.758",".282",".434",".331",".338",73.2,"92.4","4.6",28.9,7.7,49.3,"103.413868142","96.292975588",14.1,44.2,"454",58.8,55.7,21.4
"Diaz, Yainer","673237","2024","548","581","16","99",17,4,".297",".443",".324","0.767",".299",".462",".329",".339",72.6,"90.1","8.7",34.1,7.4,46.8,"101.262066754","94.970291667",22.9,58.3,"457",66.8,51.6,24.9
"Arenado, Nolan","571448","2024","547","600","16","87",14.5,6.8,".265",".391",".317","0.708",".256",".360",".308",".296",70.8,"86.1","16.9",35.5,3.4,30.6,"96.785712446","92.409345858",17.2,46.8,"467",61,39.4,28.1
"Bregman, Alex","608324","2024","547","596","23","82",13.8,7,".256",".441",".314","0.755",".254",".408",".326",".314",71.3,"89","18.4",33.8,6,40.6,"98.887668026","93.605683476",12.9,45,"467",63.4,36.8,23.6
"Giménez, Andrés","665926","2024","553","602","8","93",15.4,4.2,".250",".333",".297","0.630",".262",".358",".278",".297",68.2,"86.2","9.2",33,2.8,28.6,"96.468009654","92.24840423",22.8,56.6,"469",63.6,49.9,24.7
"Peña, Jeremy","665161","2024","571","614","15","103",16.8,3.7,".270",".401",".309","0.710",".272",".412",".308",".317",72.6,"88.3","7.7",30.3,5.7,38.7,"99.209960213","93.675796298",24.9,53.9,"476",67.1,49.2,22.5
"Lindor, Francisco","596019","2024","601","670","31","124",18.5,8.1,".271",".494",".342","0.836",".286",".539",".359",".382",72.5,"90.9","17.3",36.3,13.8,47.3,"101.122397908","95.082754623",23.6,48.8,"480",60,34,26.7
"Duran, Jarren","680776","2024","627","686","21","149",21.7,7.3,".285",".499",".342","0.841",".281",".470",".359",".348",73.6,"90.8","9.2",33.4,9.8,45,"102.162000168","95.493682295",24.6,48.2,"482",58,47.3,24.9
"Hoerner, Nico","663538","2024","545","602","5","65",10.8,7,".268",".358",".332","0.690",".281",".355",".306",".313",68.2,"85.6","10.3",36.4,1.2,28,"96.040317967","92.02204334",12,47.9,"483",65.1,43.9,30
"Witt Jr., Bobby","677951","2024","604","671","32","101",15.1,7.7,".331",".598",".386","0.984",".324",".603",".411",".416",74.7,"92.9","15.5",36,14.7,48.5,"104.024995664","96.567565479",22.1,51.3,"511",61.8,37.4,25.2
"Ramírez, José","608070","2024","586","645","35","78",12.1,8.1,".273",".515",".331","0.846",".260",".448",".354",".327",71.4,"89.1","19.6",33.5,8,39.4,"99.658369027","94.001391832",15.3,49.2,"513",55.5,34.7,22.4
"DeJong, Paul","657557","2024","436","472","24","151",32,4.7,".232",".436",".280","0.716",".223",".409",".307",".296",72.1,"87.9","19.8",36.9,10.3,41.4,"99.988770345","94.171301793",34.9,58.1,"290",62.7,32.1,24.8
"McCutchen, Andrew","457705","2024","422","488","20","126",25.8,11.7,".235",".422",".334","0.756",".234",".443",".331",".338",72.8,"88.6","14.2",32.6,12.4,37.7,"99.629514631","93.942267643",29.2,42.2,"298",62.5,40.9,21.5
"Thomas, Lane","657041","2024","441","495","13","130",26.3,8.5,".243",".404",".315","0.719",".249",".380",".314",".312",71.7,"89.1","16.9",32.6,7.3,42.1,"100.605145886","94.51823481",23.6,43.2,"316",62.4,38.9,24.4
"Busch, Michael","683737","2024","469","533","20","154",28.9,10.9,".256",".450",".338","0.788",".225",".439",".341",".325",70.2,"89.9","16.4",36.7,11.6,39.8,"100.123206772","94.413671456",29.1,45.3,"319",60.9,39.5,23.2
"Walker, Christian","572233","2024","439","506","26","124",24.5,10.7,".257",".487",".344","0.831",".249",".475",".354",".359",75.2,"90.9","17",35.5,14.3,47.4,"102.9743165","95.879922938",25.5,47.8,"321",56.8,36.8,22.4
"Langeliers, Shea","669127","2024","455","500","28","135",27,7,".220",".448",".280","0.728",".241",".472",".310",".330",74.1,"91.2","16.2",34.5,13.2,43.1,"101.963160859","95.381215815",29.3,49.4,"325",66.1,38.2,21.5
"Sánchez, Jesús","660821","2024","448","489","17","124",25.4,7,".252",".424",".309","0.733",".272",".491",".317",".350",75.1,"93.1","7.6",32.4,12.5,52.1,"104.812893704","97.118051019",30.7,53.1,"327",66.4,50.2,24.8
"Meyers, Jake","676694","2024","432","480","12","111",23.1,6.5,".222",".363",".287","0.650",".244",".400",".286",".311",68.9,"88.4","14.6",35.1,7,37.5,"99.563428491","93.839971635",27.1,49.6,"328",68.8,43.9,22
"Soler, Jorge","624585","2024","461","535","19","133",24.9,12.1,".239",".434",".336","0.770",".248",".454",".336",".348",75.3,"90.4","17.8",33.8,12.4,43.5,"101.681413614","95.161614894",28.9,44.7,"331",60,37.2,23.3
"Greene, Riley","682985","2024","472","542","23","143",26.4,11.4,".263",".487",".353","0.840",".256",".487",".360",".357",74.8,"91","12.2",39.3,13.3,45.5,"101.750174242","95.280437818",26,44,"331",60.1,43.5,24.5
"Sheets, Gavin","657757","2024","432","481","10","103",21.4,8.7,".241",".370",".312","0.682",".254",".389",".299",".313",72.7,"87.8","13.7",41,5.7,36.1,"99.021624337","93.598271994",23.3,45.8,"332",57.5,36.7,32.2
"Lowe, Nathaniel","663993","2024","447","520","13","116",22.3,12.5,".266",".389",".362","0.751",".251",".371",".334",".324",73.3,"88.8","8.2",32.2,5.4,39.7,"100.310927006","94.242265958",20.2,42.4,"335",59.2,48.4,25.4
"Suzuki, Seiya","673548","2024","486","552","20","152",27.5,10.1,".278",".477",".357","0.834",".254",".455",".359",".342",72.9,"91.6","15.8",37.6,11.5,48.8,"102.415188166","95.739039644",24.6,39.7,"338",57.4,34.9,25.4
"Raleigh, Cal","663728","2024","497","576","30","165",28.6,11.8,".211",".425",".309","0.734",".228",".475",".317",".343",74.4,"91.1","21.4",35.5,15.4,48.5,"102.035329763","95.539869763",30.5,51.9,"338",63.4,30.2,21.3
"Langford, Wyatt","694671","2024","457","509","12","105",20.6,9,".254",".405",".324","0.729",".259",".432",".316",".330",74.5,"89.5","16.6",31.3,9.3,43.9,"101.303372102","94.865936136",22.7,43,"355",61.1,39.7,22.3
"Betts, Mookie","605141","2024","409","472","17","53",11.2,12.5,".298",".504",".386","0.890",".291",".464",".382",".369",68.9,"90.2","20.5",39.6,5.8,40.4,"98.686287444","93.710893287",14.5,39.3,"359",60,27.9,30.1
"Benintendi, Andrew","643217","2024","447","491","19","90",18.3,8.1,".226",".396",".289","0.685",".247",".401",".298",".308",68,"88","16",36.7,6.4,34.7,"97.199733408","92.77229549",20.8,48.1,"360",61.2,38.9,22.2
"McMahon, Ryan","641857","2024","532","608","19","170",28,11.2,".246",".400",".333","0.733",".250",".431",".321",".335",72.6,"92.2","9.5",37.3,11.2,49.9,"102.852250718","96.19569615",29.9,46.8,"365",60.6,49.3,24.9
"Turner, Trea","607208","2024","458","491","18","90",18.3,5.5,".299",".467",".344","0.811",".269",".430",".351",".323",71.6,"89.5","11.4",31.4,6.8,41.7,"99.877810761","94.219591223",25.3,52.7,"369",65.8,47.2,22.2
"Judge, Aaron","592450","2024","530","665","53","160",24.1,18.5,".323",".692",".456","1.148",".313",".731",".472",".478",77.1,"96","18.6",41.4,26.3,60.8,"106.999403978","98.982700296",30.7,41.9,"372",52.8,31.7,26.3
"Frelick, Sal","686217","2024","448","495","2","74",14.9,7.9,".259",".333",".324","0.657",".248",".306",".294",".280",66.3,"83.3","10.1",30.1,0.8,19.5,"94.363795574","91.241353151",12.7,41.4,"375",61.4,48.3,24.5
"Marte, Ketel","606466","2024","466","534","32","99",18.5,10.3,".292",".552",".365","0.917",".298",".538",".385",".389",73.7,"93.8","8.9",33.5,11.4,53.5,"103.831296096","96.805469733",21.9,48.7,"376",59.2,49.2,22.1
"Rafaela, Ceddanne","678882","2024","516","542","15","144",26.6,2.8,".248",".395",".276","0.671",".234",".378",".289",".276",70.2,"86.7","15.3",34.5,7.7,37.1,"98.23833371","93.167768817",32.8,61.6,"377",70.4,42.2,22.8
"Castro, Willi","650489","2024","523","592","12","146",24.7,8.1,".250",".394",".334","0.728",".246",".389",".322",".320",70.6,"87.5","13.4",38.8,7.1,36.7,"98.909982086","93.524360402",29.5,51.3,"379",64.5,40.6,27.2
"Chourio, Jackson","694192","2024","487","531","21","108",20.3,7.2,".273",".472",".328","0.800",".284",".451",".342",".339",73.2,"89.9","7.5",33.8,8.4,45.5,"101.094616455","94.969767639",26.1,49,"382",65.7,47.9,24.6
"Devers, Rafael","646240","2024","514","589","28","138",23.4,11.2,".276",".525",".358","0.883",".278",".529",".369",".371",72.5,"93.2","11.6",35.1,13.1,52.4,"104.614995105","97.084944842",30.4,50.9,"382",60.3,41.4,24.9
"Vierling, Matt","663837","2024","494","534","16","110",20.6,6.2,".261",".433",".309","0.742",".266",".411",".320",".315",71.1,"89.8","11.6",34.5,7.5,40.8,"100.249306126","94.355465052",18.8,43.3,"388",57.7,41.8,26.8
"Chisholm Jr., Jazz","665862","2024","528","584","22","141",24.1,8.7,".259",".436",".329","0.765",".244",".424",".330",".318",71.9,"89.7","11.3",29.6,9.5,40.6,"100.116611","94.457887256",28.8,47.5,"388",59.2,49.7,18.8
"Neto, Zach","687263","2024","512","569","21","127",22.3,6.5,".248",".436",".318","0.754",".242",".430",".327",".324",70.9,"88.5","12.5",29.3,8.5,38.8,"100.13698267","94.273254829",26.8,49.1,"389",62.6,44.7,19.3
"India, Jonathan","663697","2024","503","599","14","122",20.4,12.5,".245",".388",".352","0.740",".267",".416",".329",".351",71.7,"87.2","13.2",39,7.9,36.4,"98.910314433","93.555994134",19.5,38.6,"390",59.1,43.8,26.4
"Chapman, Matt","656305","2024","547","617","24","150",24.3,10,".247",".448",".329","0.777",".253",".455",".336",".341",76.7,"93.2","16.5",30.8,12.5,48,"104.323523384","96.707462937",23.7,44.8,"399",64.4,38.1,23.1
"Stott, Bryson","681082","2024","477","539","11","87",16.1,9.3,".243",".358",".314","0.672",".258",".374",".296",".310",68.1,"87","14.6",35.8,3.8,30.8,"97.214710354","92.667770808",16.7,43.7,"399",63.2,41.9,23.8
"De La Cruz, Bryan","650559","2024","560","594","20","160",26.9,4.5,".236",".386",".273","0.659",".249",".437",".285",".310",71.8,"89.6","13.4",35.5,9.4,42.2,"99.972735721","94.289771517",29.8,53.6,"403",64.3,40.9,24.8
"Schanuel, Nolan","694384","2024","496","580","13","97",16.7,11.4,".252",".367",".345","0.712",".258",".365",".318",".321",65.3,"86","9.9",37,3.7,25.7,"95.418709403","91.721397107",14.3,41.9,"408",63.1,46.3,27.9
"Abrams, CJ","682928","2024","530","590","20","125",21.2,6.6,".240",".426",".309","0.735",".250",".417",".317",".322",72.2,"88","15.2",33.2,7.1,39.8,"99.320817353","93.802496609",24.9,53.5,"410",62.8,40.2,22.7
"Vaughn, Andrew","683734","2024","529","576","18","124",21.5,6.4,".248",".408",".300","0.708",".252",".467",".307",".331",70.8,"90.4","16.8",36.1,10,43.4,"100.96245561","94.722823927",22,48.9,"410",64.2,37.1,23.2
"Adames, Willy","642715","2024","574","647","32","165",25.5,10.7,".249",".469",".329","0.798",".248",".479",".343",".345",73.7,"88.4","20.5",38.1,12.4,40,"99.67976801","94.029975801",29.6,49.2,"412",59.8,31.1,22.1
"Bell, Josh","605137","2024","531","595","18","118",19.8,8.6,".249",".401",".320","0.721",".243",".405",".315",".314",70.4,"89","10.7",31.5,7.5,40.1,"100.034737729","94.156086295",26.8,48.7,"416",59.3,49.3,21.4
"Torres, Gleyber","650402","2024","542","617","14","126",20.4,10,".255",".375",".330","0.705",".239",".373",".311",".308",70.2,"88.4","15.2",37.6,6.1,34.8,"98.158456209","93.265495891",22.9,45.5,"426",62.7,37.1,26.1
"Turang, Brice","668930","2024","521","578","7","99",17.1,8.1,".259",".359",".321","0.680",".264",".348",".300",".300",66.2,"87.7","6.4",32.1,2.6,31.2,"97.185829223","92.730862165",13.3,47.3,"430",62.6,54,24.7
"Merrill, Jackson","701538","2024","524","559","24","98",17.5,4.7,".288",".500",".320","0.820",".301",".542",".348",".371",72.1,"90.4","14.8",39.4,11.3,44.2,"100.804352884","94.75988014",20.5,56.7,"434",65.4,36.4,25.3
"Naylor, Josh","647304","2024","531","597","29","98",16.4,9.2,".243",".456",".320","0.776",".257",".443",".332",".332",72.9,"89.9","11.4",30.5,8.3,41.3,"100.812384404","94.685097494",22.6,50.9,"436",61.1,46.3,20.9
"Ohtani, Shohei","660271","2024","588","678","48","156",23,11.4,".287",".611",".372","0.983",".307",".643",".408",".431",76.3,"95.5","16.7",37.3,20.6,59.5,"106.469975688","98.603034541",30.1,47.5,"437",61,35.2,26.3
"Tovar, Ezequiel","678662","2024","612","651","25","186",28.6,3.4,".266",".469",".293","0.762",".236",".412",".323",".292",71.4,"89.1","19.3",38.4,9.4,41.1,"99.453044651","94.079926061",33.5,62.3,"438",67.5,34.2,24.4
"Cronenworth, Jake","630105","2024","546","620","16","110",17.7,9,".244",".392",".325","0.717",".265",".434",".316",".340",69.4,"88.9","14",35.2,8,37.3,"99.73046424","94.027195576",17.2,45.3,"440",58.2,43.6,23.4
"Castellanos, Nick","592206","2024","570","621","21","131",21.1,6.3,".244",".412",".303","0.715",".268",".440",".310",".330",71.9,"88.2","15",37.4,7.7,37.4,"99.180003864","93.689770773",30.3,58.4,"441",70.6,39.5,26.1
"Reynolds, Bryan","668804","2024","586","649","22","145",22.3,8,".280",".452",".345","0.797",".275",".473",".345",".352",71.6,"89.9","9.2",37.2,9.5,45.7,"101.050863665","94.897437149",29.4,50.7,"444",63.8,46.6,24.1
"Bohm, Alec","664761","2024","515","565","13","77",13.6,6.7,".287",".456",".340","0.796",".296",".462",".342",".351",72.3,"90.6","10.4",35.1,6.8,46.2,"100.871770407","94.868525588",17.3,49.4,"444",60.6,45.9,25.9
"Burleson, Alec","676475","2024","511","556","21","72",12.9,5.8,".270",".431",".315","0.746",".275",".448",".322",".332",71.2,"89.5","13.9",34.8,7,41.1,"99.347507828","93.966252993",19.5,55.8,"446",63.3,41.7,25.6
"Alvarez, Yordan","670541","2024","534","615","34","91",14.8,10.9,".307",".566",".392","0.958",".307",".607",".400",".414",76.6,"92.8","18.3",34.9,14.1,48.5,"104.054241076","96.60609213",19.9,47.6,"447",58.8,33.6,23.5
"Winn, Masyn","691026","2024","542","590","13","103",17.5,6.6,".271",".408",".319","0.727",".260",".363",".315",".296",70.3,"86.9","13",34,3.1,32.2,"98.011486256","93.00686016",18.9,47,"447",62.5,41.2,27.3
"Verdugo, Alex","657077","2024","538","599","12","91",15.2,8.2,".236",".359",".296","0.655",".255",".384",".287",".308",68.5,"88.7","9.8",32.3,5.7,36,"98.247815841","93.220097743",15.7,44.1,"458",61.4,49.6,23.4
"Volpe, Anthony","683011","2024","601","649","11","147",22.7,5.9,".246",".369",".294","0.663",".241",".339",".289",".279",69.2,"87.7","7.8",34,3.7,35.3,"98.118745244","93.176134365",22.8,48.4,"459",62,51.2,24
"Garcia, Maikel","672580","2024","551","597","7","94",15.7,6.2,".240",".345",".285","0.630",".271",".386",".276",".308",70.7,"90.6","6.7",34.8,3.9,43.6,"100.231698996","94.509265415",15.4,43.4,"466",65.3,49.1,26.8
"Donovan, Brendan","680977","2024","545","605","12","75",12.4,7.1,".270",".402",".336","0.738",".273",".418",".324",".332",69.8,"88.5","13.4",36.3,5.3,36.6,"98.362019064","93.31219258",15.1,43.5,"474",58.3,41.8,27.2
"Altuve, Jose","514888","2024","598","649","19","113",17.4,6.9,".301",".445",".356","0.801",".264",".404",".349",".317",69.4,"86.3","14.4",35.7,6.4,30.9,"97.251257119","92.650357352",22.1,51.9,"485",64.8,42.7,26.4
"Guerrero Jr., Vladimir","665489","2024","572","648","28","90",13.9,10.5,".322",".545",".397","0.942",".323",".575",".398",".409",75.8,"94","6.9",35.3,13.8,55.8,"105.884577438","97.824955776",22.1,48,"485",62.5,48.7,27.2
"Semien, Marcus","543760","2024","604","667","22","100",15,8.8,".235",".392",".306","0.698",".252",".397",".305",".314",68.3,"87.2","17.2",32.9,6.3,33.9,"97.642891713","92.902959382",20.1,50.1,"505",60.5,38.8,22.8